Fixin' to Eat: Southern Cooking for the Southern at Heart (Cooking Squared Book 4),203684
I Hate Vegetables Cookbook: Fresh and Easy Vegetable Recipes That Will Change Your Mind (Cooking Squared Book 1),70679
The Happy Pear: Vegan Cooking for Everyone: Over 200 Delicious Recipes That Anyone Can Make,47701
Food52 Mighty Salads: 60 New Ways to Turn Salad into Dinner [A Cookbook] (Food52 Works),256817
"Keto Meal Prep Cookbook For Beginners: 600 Easy, Simple & Basic Ketogenic Diet Recipes (Keto Cookbook)",5747
Plant Based High Protein Cookbook: 100 Delicious Vegan Recipes for Athletes to Build Muscle Mass Maintain Excellent Fitness and Improve your Lifestyle,153413
DASH Diet for Dummies: 56 Easy Recipes for a 14-Day Diet Meal Plan to Lose Weight and Get Healthy (DASH Dieting Book 1),172905
College Vegetarian Cookbook: Quick Plant-Based Recipes Every College Student Will Love. Delicious and Healthy Meals for Busy People on a Budget (Vegetarian Cookbook),161091
Simply Salads: More than 100 Creative Recipes You Can Make in Minutes from Prepackaged Greens,282113
Gastric Sleeve Bariatric Surgery Cookbook: The Complete Guide to Achieving Weight Loss Surgery Success with Over 100 Delicious Healthy Recipes,78434
Meal Prep Daily Recipes For Quick & Easy Weight Loss Meal Plan: Simple Step By Step Recipe Guide Cookbook For Beginners Low Calorie Low Sodium Low Carbs To Burn Fat And Protein To Build Muscle,113227
Mason Jar Recipes for Your Busy Lifestyle: Quick and Easy Recipes Made in a Mason Jar,224057
Plant Power Bowls: 70 Seasonal Vegan Recipes to Boost Energy and Promote Wellness,191814
THE DETOX DIET: The Definitive Guide for Vibrant Health and Maximum Weight Loss,170945
500 Keto Instant Pot Recipes Cookbook: The Easy Electric Pressure Cooker Ketogenic Diet Cookbook to Reset Your Body and Live a Healthy Life,38941
Love Vegan: The Ultimate Asian Cookbook: Easy Plant Based Recipes Anyone Can Cook | Includes a Bonus Gift Inside Each Copy!,246086
The Plant-Based Meal Plan Cookbook: Easy Whole Food Plant-Based Recipes to Nourish Your Body and Gain Life Changing Health Benefits,93560
Plant Based Cookbook: Plant Based Cookbook for Beginners 2020 with 4 Weeks Plant Based Diet Meal Plan to Reset & Energize Your Body: Plant-based Diet for Beginners Book (Healthy Cookbook),206946
"Jello Salads 250: Enjoy 250 Days With Amazing Jello Salad Recipes In Your Own Jello Salad Cookbook! [Green Salad Recipes, Asian Salad Cookbook, Best Potato Salad Recipe] [Book 1]",213349
"Plant-Based Diet Meal Prep: 7 Reasons to Choose a Plant-Based Diet. Easy, Healthy and Budget-Friendly Recipes Ideas to Prep, Grab, and Go. Beginners Guide for Perfect Make Ahead Meals",28393
365 Days of Salad Recipes: A Salad Cookbook with Over 365 Salad Recipes & Dressing Salads To Go for Weight Loss and Healthy Lifestyle,149806
Salads for Every Season: 25 Salads from Earthbound Farm: A Workman Short,231314
Mixt Salads: A Chef's Bold Creations [A Cookbook],240318
Vegan Under Pressure: New Delicious Recipes to Your Life. Using a Traditional or Electric Pressure Cooker & Simple Plant-Based Diet,71869
Top 50 Most Delicious Homemade Salad Dressing Recipes [A Salad Dressing Cookbook] (Recipe Top 50's Book 106),243926
"Bianco: Pizza, Pasta, and Other Food I Like",9156
"Southern Salads, Sides & Soups: 400 Southern Favorites (Southern Cooking Recipes Book 2)",139166
The Potluck Cookbook You Need: Make Get-Togethers Delicious,281599
"LAZY KETO DIET FOR VEGANS: Top 90 Quick, Easy And Delicious Plant-Based Recipes On A Budget In 30-Day Keto Meal Plan To Help You Save Time And Enjoy Vegan Ketogenic Diet Lifestyle, Low Carb Cookbook",120369
"Vegan Cookbook: Delicious Vegan Gluten-free Breakfast, Lunch and Dinner Recipes You Can Make in Minutes!: Healthy Vegan Cooking and Living on a Budget (Vegan Gluten-free Diet Book 1)",194645
"132+ Delicious Salads, Dressings And Dips: Healthy Salad Recipes For Weight Loss, Great For Vegetarian And Raw Vegan Diets (Gabrielle's FUSS-FREE Healthy Eating Cookbooks And Vegetarian Recipes)",70259
"One-Pot Vegan Cookbook: Family-Friendly Salad, Soup, Casserole, Slow Cooker and Skillet Recipes for Busy People on a Budget",158928
Vegetarian Keto Diet for Beginners: TOP 55 Amazing and Simple Recipes in One Ketogenic Cookbook - Any Recipes on Your Choice for Any Meal Time - with Calories and Carbs and Vegan Replacements,279784
Plant-Based Diet: The Essential Cookbook for Beginners. Healthy Recipes & Meal Plan for Weight Loss,259828
"Vegan Mediterranean Cookbook: Incredibly Delicious Vegan Salad, Soup, Casserole and Skillet Recipes from the Mediterranean Diet (Everyday Vegan Recipes and Clean Eating Meals Book 1)",165956
"Salad Samurai: 100 Cutting-Edge, Ultra-Hearty, Easy-to-Make Salads You Don't Have to Be Vegan to Love",217826
"Plant-Based Diet Cookbook for Beginners: 21-Day Meal Plan to Energize Your Body and Fuel Your Workouts with High-Protein Vegan Recipes, Healthy and Whole Foods Recipes to Kick-Start a Healthy Eating",174262
Vegan Athlete Cookbook: High-Protein Delicious Recipes in Your Workouts. Golden Rules for Vegan Athletes & 70 Recipes Meal Prep,81926
Williams-Sonoma Salad of the Day: 365 recipes for every day of the year,71994
"FAST & EASY VEGETARIAN MEAL PREP: Weekly Plans and Recipes to Lose Weight the Healthy Way. Ready-to-Go Meals and Snacks for Healthy Plant-Based Eating (HEALTH, DIETS & WEIGHT LOSS)",132267
"The Happy Pear: Recipes for Happiness: Delicious, Easy Vegetarian Food for the Whole Family",113334
Pizza Camp: Recipes from Pizzeria Beddia,170257
"Nutribullet Recipe Book: Smoothie Recipes for Weight-Loss, Detox, Anti-Aging & So Much More! (Recipes for a Healthy Life Book 1)",39376
Veggie Meals: Rachael Ray's 30-Minute Meals,152201
125 Homemade Salad Dressings: Healthy And Yummy Salad & Vinaigrette Recipes,238976
"Best Dressed: 50 Recipes, Endless Salad Inspiration",212868
"Saladish: A Crunchier, Grainier, Herbier, Heartier, Tastier Way with Vegetables",252695
The Dinner Salad Cookbook: Easy & Satisfying Recipes That Make a Meal,188585
Homemade  Salad Dressing Recipes: A Salad Dressings Cookbook With 127 Healthy And Creative Salad Dressings And Vinaigrette recipes,176492
Plant-based Diet Cookbook for Beginners: Simple and Easy Plant-Based Meal Plan Whole Foods Recipes for Weight Loss (A 3-Week Kick-Start Guide for Healthy Eating),165292
30 recetas de ensaladas seductoras: ensaladas rápidas y fáciles para disfrutar (Spanish Edition),364777
Superfood Salad Recipes: Eat Yourself Skinny Vegetable Cookbook for Healthy Green Fat Burning Diet,336125
"The Mason Jar Cookbook: 80 Healthy and Portable Meals for breakfast, lunch and dinner",452353
Green Salads: 70 Quick & Easy Gluten Free Low Cholesterol Whole Foods Recipes full of Antioxidants & Phytochemicals,475138
Salad Feasts,536817
Healthy Salad Dressings :The Ultimate Recipe Guide - Over 30 Natural & Homemade Recipes,551406
Spiralizer Cookbook: 40 Amazing and Easy Spiralizer Recipes for a Healthy Life (Spiralize Everything Book 1),301517
"The Everyday Allergy Free Cookbook: Enjoy Amazing, Easy Recipes without Dairy, Gluten, Soy, Eggs, Fish, Shellfish, Nuts, Fruits or Spices. Comfortable Allergen-Friendly Cooking for Kids and Adults",476720
Soup Cookbook: Simple and Healthy Vegetarian Soups and Broths for a Better Body and a Healthier You (Free Gift): Healthy Recipes for Weight Loss (Souping and Soup Diet for Weight Loss Book 2),543117
Mediterranean Salad Cookbook: Incredibly Delicious Salad Recipes for Natural Weight Loss and Detox: Mediterranean Diet Cookbook (Healthy Cooking and Eating 3),324812
"Kale Cookbook: A Collection of Super Nutritious, Vegan and Gluten Free Kale Recipes to Lose Weight, Lower Cholesterol and Live Healthy (Superfood Series Book 2)",508959
"SALADS: The 500 Best Salad Recipes (salads for weight loss, salad, salad recipes, salads, salad dressings, salad dressing recipes, paleo, low carb, ketogenic, vegan, vegetarian, salad cookbook)",352889
"Superfood Cookbook: Fast and Easy Soup, Salad, Casserole, Slow Cooker and Skillet Recipes to Help You Lose Weight Without Dieting: Healthy Cooking for Weight Loss (Cleanse and Detox Book 1)",438258
Plant Based Meal Prep: 100+ Healthy Plant-Based Recipes to Cleanse your Body with a 30-Day Plant-Based Diet Meal Plan to Save Time,316871
Vegan in 7,571214
"Top 30 Healthy, Popular, Delicious And Simple Japanese Appetizer, Main Dish And Salad Meals You Must Eat Before You Die",511249
Cooking with Mary Berry: Classic Dishes and Baking Favorites Made Simple,327630
"Complete Power Pressure Cooker XL Cookbook: Healthy Low-Carb Recipes for your Electric Pressure Cooker XL, Multicooker with 21 Day weight loss Challenge and 10 Tips for Success.",535696
Superfood Salad Recipes: A Clean Eating Cookbook for Easy Weight Loss and Detox: Fuss Free Dinner Recipes That Are Easy On The Budget,435629
The Quick & Easy Spiralizer Cookbook: 100 Vegetable Noodle Recipes You Can Make in 30 Minutes or Less,324273
Big Salads,475246
"14-Day Ketogenic Diet Weight Loss Challenge: A Practical Approach to Health & Lose Up to 15 Pounds In 2 Weeks, with Easy Low-Carb Recipes",509097
Substantial Salads: 100 Healthy and Hearty Main Courses for Every Season,571663
Salads That Inspire: A Cookbook of Creative Salads,359544
The Halal Cookbook: 50 Best Recipes for Halal Home Cooking,456242
Economy Gastronomy: Eat well for less,417790
Salad Dressings: A Simple Guide to Preparing Delicious Salad Dressings at Home (2nd Edition),296756
EL GRAN RECETARIO DE ENSALADAS: 150 opciones deliciosas para una dieta saludable (Colección Más Bienestar) (Spanish Edition),358086
Low Carb Vegan Cookbook: Easy and Delicious Low Carb Vegan Recipes (Healthy Vegan Cookbook Book 1),386327
Vegan Bowls Cookbook: 200 Exciting Vegan Recipes For Burning Extra Fat,365745
Mason Jar Salads: Quick And Easy Recipes For Lunches On The Go (Mason Jar Meals Book 2),443841
"The Happy Pear: Healthy, Easy, Delicious Food to Change Your Life",316376
"Everyday Vegetarian Family Cookbook: 100 Delicious Meatless Breakfast, Lunch and Dinner Recipes You Can Make in Minutes!: Healthy Weight Loss Diets (Vegetarian Living and Cooking Book 1)",284571
"The Casserole Queens Make-a-Meal Cookbook: Mix and Match 100 Casseroles, Salads, Sides, and Desserts",332723
Salads in a Jar: 30 Delicious & Healthy Salad Recipes You Can Make with a Mason Jar or Container & Eat on the Go Wherever You Are (Essential Kitchen Series Book 24),419223
"Salads and Dressings: Over 100 Delicious Dishes, Jars, Bowls, and Sides",528419
51 Delicious and Easy to Make Salads: Salads for Summer and All Other Seasons,426113
Cravings,561193
50 MEJORES RECETAS DE ENSALADAS Para Bajar de Peso y Desintoxicar el Cuerpo: Deliciosas Recetas Faciles y Saludables (Spanish Edition),318733
Kale Recipes for Everyone: Prepare a Hearty Meal with Green Leafy Veggies,422614
The Spicy Salads of India: Insanely Delicious and Nutritious! (Indian Salad Cookbook Book 1),561178
"Mouthwatering Microgreen Meals: Light, Healthy, and Easy to Follow Recipes for Losing Weight and Feeling Great",402723
Top 50 Most Delicious Salad Recipes (Recipe Top 50's Book 41),540972
The Alkaline Diet: Ultimate Guide for Beginners with Healthy Recipes and Kick-Start Meal Plans (Alkaline cookbook),419097
Red Peppers Recipes: 45 Quick & Easy Gluten Free Low Cholesterol Whole Foods Recipes full of Antioxidants & Phytochemicals,362923
"The Everything Salad Book: Includes Raspberry-Cranberry Spinich Salad, Sweet Spring Baby Salad, Dijon Apricot Chicken Salad, Mediterranean Tomato Salad, Sesame Orange Coleslaw (Everything®)",544090
"Mason Jar Salads: Quick and Easy Recipes for Salads on the Go, in a Jar (mason jar meals, mason jar recipes, meals in a jar, mason jar salads, mason jar lunch, salad to go, quick and easy recipes)",367448
Mason Jar Meals Cookbook: 30 Exquisite Jar Meals Recipes,410512
Leafy Greens: An A-to-Z Guide to 30 Types of Greens Plus More than 120 Delicious Recipes,331388
Easy Pasta Salad Cookbook: 50 Delicious Pasta Salad Recipes,429231
Thug Kitchen 101: Fast as F*ck: A Cookbook (Thug Kitchen Cookbooks),60688
"Eat Real to Heal: Using Food As Medicine to Reverse Chronic Diseases from Diabetes, Arthritis, Cancer and More",98775
Vegan Richa's Everyday Kitchen: Epic Anytime Recipes with a World of Flavor,98560
Kansha: Celebrating Japan's Vegan and Vegetarian Traditions [A Cookbook],97230
The Sprout Book: Tap into the Power of the Planet's Most Nutritious Food,81353
Vegan Under Pressure: New Delicious Recipes to Your Life. Using a Traditional or Electric Pressure Cooker & Simple Plant-Based Diet,71869
"Sweet Potato Soul: 100 Easy Vegan Recipes for the Southern Flavors of Smoke, Sugar, Spice, and Soul : A Cookbook",13841
"YumUniverse: Infinite Possibilities for a Gluten-Free, Plant-Powerful, Whole-Food Lifestyle",61684
Food52 Vegan: 60 Vegetable-Driven Recipes for Any Kitchen [A Cookbook] (Food52 Works),73937
The Modern Cook's Year: More than 250 Vibrant Vegetarian Recipes to See You Through the Seasons,78120
"Vegan Buddha Bowls: Easy, Healthy Recipes to Feel Great from the Inside Out",78324
The Ultimate Vegan Cookbook: The Must-Have Resource for Plant-Based Eaters,46255
Love Your Body Feed Your Soul: Self-Care Rituals and Recipes for Your Inner Goddess,73598
Vegetable Kingdom: The Abundant World of Vegan Recipes,1472
"Vegan for Everybody: Foolproof Plant-Based Recipes for Breakfast, Lunch, Dinner, and In-Between",50521
The Easy Vegan Cookbook: Make  Healthy  Home Cooking Practically Effortless,36284
"Afro-Vegan: Farm-Fresh African, Caribbean, and Southern Flavors Remixed [A Cookbook]",8028
Plants-Only Kitchen,97123
Hot for Food Vegan Comfort Classics: 101 Recipes to Feed Your Face [A Cookbook],30769
"Better Than Vegan: 101 Favorite Low-Fat, Plant-Based Recipes That Helped Me Lose Over 200 Pounds",68081
Rachel Ama’s Vegan Eats: Tasty plant-based recipes for every day,31797
La Vida Verde: Plant-Based Mexican Cooking with Authentic Flavor,88885
"Blissful Bites: Vegan Meals That Nourish Mind, Body, and Planet",92311
"The Vegan Instant Pot Cookbook: Wholesome, Indulgent Plant-Based Recipes",6065
Vegan Under Pressure: Perfect Vegan Meals Made Quick and Easy in Your Pressure Cooker,28845
Living Lively: 80 Plant-Based Recipes to Activate Your Power and Feed Your Potential,59538
Ageless Vegan: The Secret to Living a Long and Healthy Plant-Based Life,36030
The Vegan Air Fryer: The Healthier Way to Enjoy Deep-Fried Flavors,84555
"The Inspired Vegan: Seasonal Ingredients, Creative Recipes, Mouthwatering Menus",70738
The Homemade Vegan Pantry: The Art of Making Your Own Staples [A Cookbook],76552
BOSH!: Simple Recipes * Amazing Food * All Plants (BOSH Series),55058
"The Engine 2 Cookbook: More than 130 Lip-Smacking, Rib-Sticking, Body-Slimming Recipes to Live Plant-Strong",9372
"Vegan Soul Kitchen: Fresh, Healthy, and Creative African-American Cuisine",35155
Forks Over Knives—The Cookbook: Over 300 Recipes for Plant-Based Eating All Through the Year,28348
Forks Over Knives: The Plant-Based Way to Health,55702
Love Real Food: More Than 100 Feel-Good Vegetarian Favorites to Delight the Senses and Nourish the Body: A Cookbook,21490
"Energy Balls: Improve Your Physical Performance, Mental Focus, Sleep, Mood, and More!",99433
"The Greenprint: Plant-Based Diet, Best Body, Better World",76797
The Happy Pear: Vegan Cooking for Everyone: Over 200 Delicious Recipes That Anyone Can Make,47701
Bish Bash Bosh!: Your Favorites * All Plants (BOSH Series),18486
"Forks Over Knives: Flavor!: Delicious, Whole-Food, Plant-Based Recipes to Cook Every Day",83238
"The No Meat Athlete Cookbook: Whole Food, Plant-Based Recipes to Fuel Your Workouts—and the Rest of Your Life",75452
How to Cook Everything Vegetarian: Completely Revised Tenth Anniversary Edition,4591
Thug Kitchen: The Official Cookbook: Eat Like You Give a F*ck (Thug Kitchen Cookbooks),4693
Southern Vegan: Delicious Down-Home Recipes for Your Plant-Based Diet,84456
The Oh She Glows Cookbook: Over 100 Vegan Recipes to Glow from the Inside Out,11233
"Plant-Based on a Budget: Delicious Vegan Recipes for Under $30 a Week, in Less Than 30 Minutes a Meal",61412
Crazy Sexy Kitchen: 150 Plant-Empowered Recipes to Ignite a Mouthwatering Revolution,9518
"The Healthspan Solution: How and What to Eat to Add Life to Your Years: 100 Easy, Whole-Food Recipes",70913
Vegan Athlete Cookbook: High-Protein Delicious Recipes in Your Workouts. Golden Rules for Vegan Athletes & 70 Recipes Meal Prep,81926
Vegan Thai Kitchen: 75 Easy and Delicious Plant-Based Recipes with Bold Flavors,184157
"But I Could Never Go Vegan!: 125 Recipes That Prove You Can Live Without Cheese, It's Not All Rabbit Food, and Your Friends Will Still Come Over for Dinner",195829
Plant Power Bowls: 70 Seasonal Vegan Recipes to Boost Energy and Promote Wellness,191814
Vegan Air Fryer Cookbook: Enjoy Frying in a Healthy Way With Lots of Delicious Vegan Recipes.,193534
"Chloe's Vegan Desserts: More than 100 Exciting New Recipes for Cookies and Pies, Tarts and Cobblers, Cupcakes and Cakes--and More!",106200
"The Complete Plant-Based Cookbook: Easy, Healthy & Delicious Whole Food Recipes to Kick-Start a Healthy Eating and Living Well Every Day",140922
This Cheese is Nuts!: Delicious Vegan Cheese at Home,116454
"VBQ—The Ultimate Vegan Barbecue Cookbook: Over 80 Recipes—Seared, Skewered, Smoking Hot!",207114
Vegan 100,223369
"Caribbean Vegan: Meat-Free, Egg-Free, Dairy-Free Authentic Island Cuisine for Every Occasion",112718
Ottolenghi Flavor: A Cookbook,205366
Jazzy Vegetarian Classics: Vegan Twists on American Family Favorites,200039
"5-Ingredient Vegan: 175 Simple, Plant-Based Recipes for Delicious, Healthy Meals in Minutes",139163
Keto Smoothie Recipes: Healthy And Delicious Ketogenic Diet Smoothie and Shake Recipes Cookbook,122913
"The Rawsome Vegan Cookbook: A Balance of Raw and Lightly-Cooked, Gluten-Free Plant-Based Meals for Healthy Living",202779
Party in Your Plants: 100+ Plant-Based Recipes and Problem-Solving Strategies to Help You Eat Healthier (Without Hating Your Life),108708
"The Plant-Powered Diet: The Lifelong Eating Plan for Achieving Optimal Health, Beginning Today",214278
The How Not To Die Cookbook: Over 100 Recipes to Help Prevent and Reverse Disease,160114
The Flexitarian Cookbook: Adaptable recipes for part-time vegetarians and vegans,160126
One-Dish Vegan Revised and Expanded Edition:175 Soul-Satisfying Recipes for Easy and Delicious One-Pan and One-Plate Dinners,167475
PLANTLAB,168518
"The Happy Pear: Recipes for Happiness: Delicious, Easy Vegetarian Food for the Whole Family",113334
Mostly Plants: 101 Delicious Flexitarian Recipes from the Pollan Family,166729
Raw. Vegan. Not Gross.: All Vegan and Mostly Raw Recipes for People Who Love to Eat,178121
Vegan Comfort Cooking: 75 Plant-Based Recipes to Satisfy Cravings and Warm Your Soul,113360
The Complete Vegetarian Cookbook: A Fresh Guide to Eating Well With 700 Foolproof Recipes,108406
"Skinny Bitch: A No-Nonsense, Tough-Love Guide for Savvy Girls Who Want To Stop Eating Crap and Start Looking Fabulous!",145249
"Salad Samurai: 100 Cutting-Edge, Ultra-Hearty, Easy-to-Make Salads You Don't Have to Be Vegan to Love",217826
Vegan Richa's Indian Kitchen: Traditional and Creative Recipes for the Home Cook,147920
Vegan Soups and Hearty Stews for All Seasons: A Cookbook,156685
"The China Study Cookbook: Revised and Expanded Edition with Over 175 Whole Food, Plant-Based Recipes",117488
Vegetables Illustrated: An Inspiring Guide with 700+ Kitchen-Tested Recipes,147440
"The Get Healthy, Go Vegan Cookbook: 125 Easy and Delicious Recipes to Jump-Start Weight Loss and Help You Feel Great",216089
"Eat Clean, Play Dirty: Recipes for a Body and Life You Love by the Founders of Sakara Life",110237
Vegan Mac and Cheese:More than 50 Delicious Plant-Based Recipes for the Ultimate Comfort Food,190164
The Plantpower Way: Italia: Delicious Vegan Recipes from the Italian Countryside: A Cookbook,222276
BOSH!: Healthy Vegan (BOSH Series Book 4),140498
Instant Pot Miracle Vegetarian Cookbook: More than 100 Easy Meatless Meals for Your Favorite Kitchen Device,218094
Everyday Happy Herbivore: Over 175 Quick-and-Easy Fat-Free and Low-Fat Vegan Recipes,205159
I Can Cook Vegan,119033
The Vegan Starter Kit: Everything You Need to Know About Plant-Based Eating,132277
"FAST & EASY VEGETARIAN MEAL PREP: Weekly Plans and Recipes to Lose Weight the Healthy Way. Ready-to-Go Meals and Snacks for Healthy Plant-Based Eating (HEALTH, DIETS & WEIGHT LOSS)",132267
Thug Kitchen Party Grub: For Social Motherf*ckers: A Cookbook (Thug Kitchen Cookbooks),153015
"Frugal Vegan: Affordable, Easy & Delicious Vegan Cooking",212357
Crossroads: Extraordinary Recipes from the Restaurant That Is Reinventing Vegan Cuisine,214219
"The Kind Diet: A Simple Guide to Feeling Great, Losing Weight, and Saving the Planet",138571
Perfectly Golden: Adaptable Recipes for Sweet and Simple Treats,217122
"Veganomicon, 10th Anniversary Edition: The Ultimate Vegan Cookbook",216779
The Ultimate Vegan Breakfast Book: 80 Mouthwatering Plant-Based Recipes You'll Want to Wake Up For,216072
The OMD Plan: Swap One Meal a Day to Save Your Health and Save the Planet,205136
"Nutribullet Recipe Book: Smoothie Recipes for Weight-Loss, Detox, Anti-Aging & So Much More! (Recipes for a Healthy Life Book 1)",39376
You deserve this.: Simple & Natural Recipes For A Healthy Lifestyle,63026
Vegetarian Instant Pot Cookbook: 365 Fast & Easy to Follow Healthy Plant-Based Recipes You’ll Love to Cook with Your Electric Pressure Cooker,67546
Forks Over Knives—The Cookbook: Over 300 Recipes for Plant-Based Eating All Through the Year,28348
Vegetables Unleashed: A Cookbook,77611
"Air Fryer Cookbook For Beginners In 2020: Easy, Healthy And Delicious Recipes For A Nourishing Meal (Includes Index, Some Low Carb Recipes, Air Fryer FAQs And Troubleshooting Tips) (Quick Recipes 1)",3861
Williams-Sonoma Salad of the Day: 365 recipes for every day of the year,71994
Tender: A Cook and His Vegetable Patch [A Cookbook],67558
Levant: New Middle Eastern Flavours,41071
How to Cook Everything Vegetarian: Completely Revised Tenth Anniversary Edition,4591
The Modern Cook's Year: More than 250 Vibrant Vegetarian Recipes to See You Through the Seasons,78120
Betty Crocker Fast From-Scratch Meals,77966
Fermentation for Beginners: Delicious Fermented Vegetable Recipes for Better Digestion and Health,52427
The Essential Vegetable Cookbook: Simple and Satisfying Ways to Eat More Veggies,57402
100 Vegetables and Where They Came From,69511
The Oh She Glows Cookbook: Over 100 Vegan Recipes to Glow from the Inside Out,11233
"DR. SEBI: How to Naturally Detox the Liver, Reverse Diabetes and High Blood Pressure Through Dr. Sebi Alkaline Diet",5023
"Fermented Vegetables: Creative Recipes for Fermenting 64 Vegetables & Herbs in Krauts, Kimchis, Brined Pickles, Chutneys, Relishes & Pastes",53953
The Whole Foods Cookbook: 120 Delicious and Healthy Plant-Centered Recipes,42513
Ageless Vegan: The Secret to Living a Long and Healthy Plant-Based Life,36030
"The Engine 2 Cookbook: More than 130 Lip-Smacking, Rib-Sticking, Body-Slimming Recipes to Live Plant-Strong",9372
"Whole Food Cooking Every Day: Transform the Way You Eat with 250 Vegetarian Recipes Free of Gluten, Dairy, and Refined Sugar",65293
Rachel Ama’s Vegan Eats: Tasty plant-based recipes for every day,31797
Love Your Body Feed Your Soul: Self-Care Rituals and Recipes for Your Inner Goddess,73598
BOSH!: Simple Recipes * Amazing Food * All Plants (BOSH Series),55058
The Vegan Bodybuilder's Cookbook: Essential Recipes and Meal Plans for Plant-Based Bodybuilding,76776
I Hate Vegetables Cookbook: Fresh and Easy Vegetable Recipes That Will Change Your Mind (Cooking Squared Book 1),70679
Food52 Vegan: 60 Vegetable-Driven Recipes for Any Kitchen [A Cookbook] (Food52 Works),73937
The Love and Lemons Cookbook: An Apple-to-Zucchini Celebration of Impromptu Cooking,14095
"The Plant-Based Diet for Beginners: 75 Delicious, Healthy Whole-Food Recipes",2697
Bish Bash Bosh!: Your Favorites * All Plants (BOSH Series),18486
"The Plant Paradox Cookbook: 100 Delicious Recipes to Help You Lose Weight, Heal Your Gut, and Live Lectin-Free",3083
"Cool Beans: The Ultimate Guide to Cooking with the World's Most Versatile Plant-Based Protein, with 125 Recipes [A Cookbook]",37278
"The 30-Minute Vegetarian Cookbook: 100 Healthy, Delicious Meals for Busy People",43936
"The No Meat Athlete Cookbook: Whole Food, Plant-Based Recipes to Fuel Your Workouts—and the Rest of Your Life",75452
Six Seasons: A New Way with Vegetables,55524
"Dr. Sebi: The Complete Guide to Dr. Sebi’s Alkaline Diet, With Recipes and Food List for Liver Detox and Weight Loss.",78038
The Complete Vegan Instant Pot Cookbook: 101 Delicious Whole-Food Recipes for your Pressure Cooker,38767
Mycelium Running: How Mushrooms Can Help Save the World,41207
"The Beginner's Guide to a Plant-based Diet: Use the Newest 3 Weeks Plant-Based Diet Meal Plan to Reset & Energize Your Body. Easy, Healthy and Whole Foods Recipes to Kick-Start a Healthy Eating",23587
Vegan Under Pressure: New Delicious Recipes to Your Life. Using a Traditional or Electric Pressure Cooker & Simple Plant-Based Diet,71869
Ultimate Veg: Easy & Delicious Meals for Everyone [American Measurements],36690
"The Plant Paradox Family Cookbook: 80 One-Pot Recipes to Nourish Your Family Using Your Instant Pot, Slow Cooker, or Sheet Pan",34354
Low-Carb Vegetarian Cookbook: 100 Easy Recipes and a Kick-Start Meal Plan,34646
Ruffage: A Practical Guide to Vegetables,14474
"One Pan, Two Plates: More Than 70 Complete Weeknight Meals for Two",5483
The Happy Pear: Vegan Cooking for Everyone: Over 200 Delicious Recipes That Anyone Can Make,47701
The New Vegetarian Cooking for Everyone: [A Cookbook],39801
Atkins Diet Plan 2020: The Complete Beginner's Guide With 4 Weeks Meal Plan to Shed Weight and Feel Great,46968
Easy Vegetable Meals: A Fuss-Free Cookbook for Everyone,71715
Smitten Kitchen Every Day: Triumphant and Unfussy New Favorites: A Cookbook,85080
Spiralizer Cookbook for a Unique and Healthy Twist: 25 Recipes You Must Have to Enjoy Cooking Veggies and Fruits,100451
"Pickling Everything: Foolproof Recipes for Sour, Sweet, Spicy, Savory, Crunchy, Tangy Treats (Countryman Know How)",161525
"Eating in Color: Delicious, Healthy Recipes for You and Your Family",84886
"Arial, the Chef (UnicornPreneur Book 5)",127565
The Big Red Book of Tomatoes,117264
Onions Etcetera,86340
College Vegetarian Cookbook: Quick Plant-Based Recipes Every College Student Will Love. Delicious and Healthy Meals for Busy People on a Budget (Vegetarian Cookbook),161091
Veggie Meals: Rachael Ray's 30-Minute Meals,152201
"The College Vegan Cookbook: 145 Affordable, Healthy & Delicious Plant-Based Recipes",95994
LECTIN FREE COOKBOOK: 300 Everyday Recipes for Beginners and Advanced Users. Try Easy and Healthy Lectin Free Recipes,134556
"The Artisanal Kitchen: Vegetables the Italian Way: Simple, Seasonal Recipes to Change the Way You Cook",167111
Super Green Smoothies: Veggie-Based Recipes to Boost Your Health and Well-Being,133440
"Vegan Bodybuilding Cookbook: Quick and Easy Plant-Based High Protein Recipes for Bodybuilders and Athletes: Plant Based Cookbook for Bodybuilding, Fitness, and Sports (Healthy Cookbook 1)",118887
Mostly Plants: 101 Delicious Flexitarian Recipes from the Pollan Family,166729
Fast And Easy Cabbage Recipes: An Guide To An Healthy And Natural Diet,139603
Every Grain of Rice: Simple Chinese Home Cooking,114727
Umami Bomb: 75 Vegetarian Recipes That Explode with Flavor,154733
Instant Pot Cookbook: 100 New Everyday Foolproof Fast and Easy Healthy Meals Recipes (Instant Pot Cookbook Series 1),163941
"The Healthy Smoothie Bible: Lose Weight, Detoxify, Fight Disease, and Live Long",107947
"365 Days of Spiralizer Recipes: A Spiralizer Cookbook with Over 365 Recipes Book for Low Carb Vegetable Pasta Noodle, Clean Eating Salads and Healthy Vegan Weight Loss",97770
The How Not To Die Cookbook: Over 100 Recipes to Help Prevent and Reverse Disease,160114
The Wicked Healthy Cookbook: Free. From. Animals.,144178
Plenty: Vibrant Vegetable Recipes from London's Ottolenghi,84493
Eating Vegan: A Plant-Based Cookbook for Beginners,79836
Vegetables Illustrated: An Inspiring Guide with 700+ Kitchen-Tested Recipes,147440
"Foodi Digital Air Fry Oven Cookbook for Beginners: Simple, Easy and Delicious Recipes for Digital Air Fryer Oven",119881
"The New McDougall Cookbook: 300 Delicious Low-Fat, Plant-Based Recipes",125771
"PLANT BASED HIGH PROTEIN DIET: HEALTHY 30 DAY NUTRITION PLAN FOR WEIGHT LOSS, BURNING FAT AND MUSCLE GROWTH TO BECOME AN ATHLETE",156309
"The Side Dish Bible: 1001 Perfect Recipes for Every Vegetable, Rice, Grain, and Bean Dish You Will Ever Need",138194
The Plantpower Way: Whole Food Plant-Based Recipes and Guidance for The Whole Family: A Cookbook,137828
Done.: A Cook's Guide to Knowing When Food Is Perfectly Cooked,140693
"Minimalist Baker's Everyday Cooking: 101 Entirely Plant-based, Mostly Gluten-Free, Easy and Delicious Recipes",149873
The Whole Okra: A Seed to Stem Celebration,153614
"Lemon: 50 Plus Recipes for Skin Care, Hair Care, Home and Laundry Cleaning along with Lemonade, Vegan, Curd, Cookies, Cakes and Desserts",129779
"Cook Slow, Live Long: The Complete Crock Pot Vegetable Cookbook: 700 Insanely Delicious and Nutritious Recipes for Your Slow Cooker! (Slow Cooker Cookbook Book 5)",163443
365 Days of Salad Recipes: A Salad Cookbook with Over 365 Salad Recipes & Dressing Salads To Go for Weight Loss and Healthy Lifestyle,149806
Party in Your Plants: 100+ Plant-Based Recipes and Problem-Solving Strategies to Help You Eat Healthier (Without Hating Your Life),108708
"The Complete Plant-Based Cookbook: Easy, Healthy & Delicious Whole Food Recipes to Kick-Start a Healthy Eating and Living Well Every Day",140922
The Complete Vegetarian Cookbook: A Fresh Guide to Eating Well With 700 Foolproof Recipes,108406
"Brassicas: Cooking the World's Healthiest Vegetables: Kale, Cauliflower, Broccoli, Brussels Sprouts and More [A Cookbook]",86746
The Easy 5 Ingredient Vegan Cookbook: 100 Healthy Plant Based Recipes,147350
Pam the Jam: The Book of Preserves,105677
"Inspiralized: Turn Vegetables into Healthy, Creative, Satisfying Meals: A Cookbook",99643
"The Healthy Air Fryer Cookbook: Truly Healthy Fried Food Recipes with Low Salt, Low Fat, and Zero Guilt",89313
The Complete Guide to Edible Wild Plants,145737
The Easy Gluten-Free Cookbook: Fast and Fuss-Free Recipes for Busy People on a Gluten-Free Diet,83775
"FAST & EASY VEGETARIAN MEAL PREP: Weekly Plans and Recipes to Lose Weight the Healthy Way. Ready-to-Go Meals and Snacks for Healthy Plant-Based Eating (HEALTH, DIETS & WEIGHT LOSS)",132267
Vegan Athlete Cookbook: High-Protein Delicious Recipes in Your Workouts. Golden Rules for Vegan Athletes & 70 Recipes Meal Prep,81926
"One-Pot Vegan Cookbook: 125 Recipes for Your Dutch Oven, Sheet Pan, Electric Pressure Cooker, and More",137399
